-- MySQL Script generated by MySQL Workbench
-- 11/30/16 14:05:23
-- Model: New Model    Version: 1.0
-- MySQL Workbench Forward Engineering

SET @OLD_UNIQUE_CHECKS=@@UNIQUE_CHECKS, UNIQUE_CHECKS=0;
SET @OLD_FOREIGN_KEY_CHECKS=@@FOREIGN_KEY_CHECKS, FOREIGN_KEY_CHECKS=0;
SET @OLD_SQL_MODE=@@SQL_MODE, SQL_MODE='TRADITIONAL,ALLOW_INVALID_DATES';

-- -----------------------------------------------------
-- Schema streamit
-- -----------------------------------------------------
DROP SCHEMA IF EXISTS `streamit` ;

-- -----------------------------------------------------
-- Schema streamit
-- -----------------------------------------------------
CREATE SCHEMA IF NOT EXISTS `streamit` DEFAULT CHARACTER SET utf8 ;
USE `streamit` ;

-- -----------------------------------------------------
-- Table `streamit`.`Users`
-- -----------------------------------------------------
DROP TABLE IF EXISTS `streamit`.`Users` ;

CREATE TABLE IF NOT EXISTS `streamit`.`Users` (
  `idUsers` INT NOT NULL AUTO_INCREMENT,
  `Voornaam` VARCHAR(45) NOT NULL,
  `Naam` VARCHAR(45) NULL,
  `PasswordHash` VARCHAR(600) NULL,
  `Rechten` VARCHAR(45) NOT NULL,
  `Email` VARCHAR(60) NOT NULL,
  PRIMARY KEY (`idUsers`))
ENGINE = InnoDB;


-- -----------------------------------------------------
-- Table `streamit`.`Films`
-- -----------------------------------------------------
DROP TABLE IF EXISTS `streamit`.`Films` ;

CREATE TABLE IF NOT EXISTS `streamit`.`Films` (
  `idFilms` INT NOT NULL AUTO_INCREMENT,
  `Naam` VARCHAR(45) NOT NULL,
  `Genre` VARCHAR(45) NULL,
  `Beschrijving` VARCHAR(45) NULL,
  `ReleaseDatum` VARCHAR(45) NULL,
  `Regisseur` VARCHAR(45) NULL,
  `Path` VARCHAR(45) NOT NULL,
  PRIMARY KEY (`idFilms`))
ENGINE = InnoDB;


-- -----------------------------------------------------
-- Table `streamit`.`Users_Rating_Film`
-- -----------------------------------------------------
DROP TABLE IF EXISTS `streamit`.`Users_Rating_Film` ;

CREATE TABLE IF NOT EXISTS `streamit`.`Users_Rating_Film` (
  `Users_idUsers` INT NOT NULL,
  `Films_idFilms` INT NOT NULL,
  `Rating` INT NULL,
  INDEX `fk_Users_has_Films_Films1_idx` (`Films_idFilms` ASC),
  INDEX `fk_Users_has_Films_Users_idx` (`Users_idUsers` ASC),
  CONSTRAINT `fk_Users_has_Films_Users`
    FOREIGN KEY (`Users_idUsers`)
    REFERENCES `streamit`.`Users` (`idUsers`)
    ON DELETE NO ACTION
    ON UPDATE NO ACTION,
  CONSTRAINT `fk_Users_has_Films_Films1`
    FOREIGN KEY (`Films_idFilms`)
    REFERENCES `streamit`.`Films` (`idFilms`)
    ON DELETE NO ACTION
    ON UPDATE NO ACTION)
ENGINE = InnoDB;


SET SQL_MODE=@OLD_SQL_MODE;
SET FOREIGN_KEY_CHECKS=@OLD_FOREIGN_KEY_CHECKS;
SET UNIQUE_CHECKS=@OLD_UNIQUE_CHECKS;

-- -----------------------------------------------------
-- Data for table `streamit`.`Users`
-- -----------------------------------------------------
START TRANSACTION;
USE `streamit`;
INSERT INTO `streamit`.`Users` (`idUsers`, `Voornaam`, `Naam`, `PasswordHash`, `Rechten`, `Email`) VALUES (1, 'Thomas', 'Van Raemdonck', 'be9d45f65887b1cd3d4458aec196aa156fbee3981670c6104421a8450c94fed7ddd27afbbf4ce36149e5396ec6d57d5d226b4209f583872510da58df0641107f', 'Admin', 'thomas.vanraemdonck@student.odisee.be');
INSERT INTO `streamit`.`Users` (`idUsers`, `Voornaam`, `Naam`, `PasswordHash`, `Rechten`, `Email`) VALUES (2, 'Stef', 'De Brabander', '40e8a5a8a53bdf2395b9ce40bbbc8e0d827a2fbe0dddb410a573d10c754eb02c058dd06460cc351b15b2a260080f225189cb8df5fbcca53eeccc9a11193b84bd', 'Admin', 'stef.debrabander@student.odisee.be');
INSERT INTO `streamit`.`Users` (`idUsers`, `Voornaam`, `Naam`, `PasswordHash`, `Rechten`, `Email`) VALUES (3, 'Cedric', 'Dhooge', 'b2c450650b9220f554e6342999b7920433a8b267917633d5849e818f2626ab8dcc13b4e04d6a4c6c81a4a71418f33876ba350f6002fa5718d9d9e41051a63fe3', 'User', 'cedric.dhooge@student.odisee.be');
INSERT INTO `streamit`.`Users` (`idUsers`, `Voornaam`, `Naam`, `PasswordHash`, `Rechten`, `Email`) VALUES (4, 'Timon', 'Vanderstraeten', '5b4b9ea3453b325e9809478e233d398fc3f1b3e3e430e2b6b257ae2bbba708dc8886530dab5a03485b3b5b176ee7e231c9b9741b292ff2d82b78b91c52e8f00f', 'User', 'timon.vanderstraeten@student.odisee.be');
INSERT INTO `streamit`.`Users` (`idUsers`, `Voornaam`, `Naam`, `PasswordHash`, `Rechten`, `Email`) VALUES (5, 'Wouter', 'Vandevelde', '63c89021b1fc9c7f997e6a77e51fa68d4a2e1571c80ee6c06347610efa9bb2f3aeed9b692999bcab25a8129fc9a908e476f0658b2cecb46fc812c8026a9e63de', 'Admin', 'wouter.vandevelde@student.odisee.be');

COMMIT;


-- -----------------------------------------------------
-- Data for table `streamit`.`Films`
-- -----------------------------------------------------
START TRANSACTION;
USE `streamit`;
INSERT INTO `streamit`.`Films` (`idFilms`, `Naam`, `Genre`, `Beschrijving`, `ReleaseDatum`, `Regisseur`, `Path`) VALUES (1, 'The.100.S03E01', 'Adventure', NULL, NULL, NULL, 'C:\\Movies\\The.100.S03E01');
INSERT INTO `streamit`.`Films` (`idFilms`, `Naam`, `Genre`, `Beschrijving`, `ReleaseDatum`, `Regisseur`, `Path`) VALUES (2, 'Dummy', NULL, NULL, NULL, NULL, 'C:\\Movies\\Dummy');

COMMIT;


-- -----------------------------------------------------
-- Data for table `streamit`.`Users_Rating_Film`
-- -----------------------------------------------------
START TRANSACTION;
USE `streamit`;
INSERT INTO `streamit`.`Users_Rating_Film` (`Users_idUsers`, `Films_idFilms`, `Rating`) VALUES (1, 1, NULL);
INSERT INTO `streamit`.`Users_Rating_Film` (`Users_idUsers`, `Films_idFilms`, `Rating`) VALUES (2, 1, NULL);
INSERT INTO `streamit`.`Users_Rating_Film` (`Users_idUsers`, `Films_idFilms`, `Rating`) VALUES (3, 1, NULL);
INSERT INTO `streamit`.`Users_Rating_Film` (`Users_idUsers`, `Films_idFilms`, `Rating`) VALUES (4, 1, NULL);
INSERT INTO `streamit`.`Users_Rating_Film` (`Users_idUsers`, `Films_idFilms`, `Rating`) VALUES (5, 1, NULL);
INSERT INTO `streamit`.`Users_Rating_Film` (`Users_idUsers`, `Films_idFilms`, `Rating`) VALUES (1, 2, NULL);
INSERT INTO `streamit`.`Users_Rating_Film` (`Users_idUsers`, `Films_idFilms`, `Rating`) VALUES (2, 2, NULL);
INSERT INTO `streamit`.`Users_Rating_Film` (`Users_idUsers`, `Films_idFilms`, `Rating`) VALUES (3, 2, NULL);
INSERT INTO `streamit`.`Users_Rating_Film` (`Users_idUsers`, `Films_idFilms`, `Rating`) VALUES (4, 2, NULL);
INSERT INTO `streamit`.`Users_Rating_Film` (`Users_idUsers`, `Films_idFilms`, `Rating`) VALUES (5, 2, NULL);

COMMIT;

